DeviceID,RSSI
Device_1,-49
Device_1,-8
Device_1,-86
Device_1,-29
Device_1,-40
Device_1,-80
Device_1,-18
Device_1,-14
Device_1,-26
Device_1,-26
Device_1,-13
Device_1,-1
Device_1,-77
Device_1,-98
Device_1,-79
Device_1,-48
Device_1,-99
Device_1,-13
Device_1,-71
Device_1,-63
Device_1,-99
Device_1,-37
Device_1,-41
Device_1,-80
Device_1,-68
Device_1,-25
Device_1,-43
Device_1,-79
Device_1,-12
Device_1,-52
Device_1,-10
Device_1,-42
Device_1,-59
Device_1,-9
Device_1,-41
Device_1,-21
Device_1,-86
Device_1,-39
Device_1,-39
Device_1,-54
Device_1,-39
Device_1,-50
Device_1,-46
Device_1,-37
Device_1,-98
Device_1,-50
Device_1,-94
Device_1,-80
Device_1,-28
Device_1,-62
Device_1,-83
Device_1,-97
Device_1,-12
Device_1,-41
Device_1,-87
Device_1,-92
Device_1,-11
Device_1,-48
Device_1,-99
Device_1,-17
Device_1,-9
Device_1,-41
Device_1,-30
Device_1,-57
Device_1,-93
Device_1,-54
Device_1,-66
Device_1,-23
Device_1,-20
Device_1,-65
Device_1,-51
Device_1,-97
Device_1,-99
Device_1,-95
Device_1,-47
Device_1,-97
Device_1,-47
Device_1,-8
Device_1,-38
Device_1,-83
Device_1,-11
Device_1,-57
Device_1,-67
Device_1,-27
Device_1,-39
Device_1,-1
Device_1,-87
Device_1,-6
Device_1,-53
Device_1,-86
Device_1,-29
Device_1,-23
Device_1,-14
Device_1,-39
Device_1,-61
Device_1,-16
Device_1,-21
Device_1,-19
Device_1,-48
Device_1,-77
Device_1,-75
Device_1,-12
Device_1,-41
Device_1,-60
Device_1,-72
Device_1,-86
Device_1,-56
Device_1,-36
Device_1,-12
Device_1,-30
Device_1,-92
Device_1,-13
Device_1,-100
Device_1,-93
Device_1,-13
Device_1,-38
Device_1,-90
Device_1,-20
Device_1,-93
Device_1,-66
Device_1,-66
Device_1,-68
Device_1,-96
Device_1,-60
Device_1,-73
Device_1,-94
Device_1,-28
Device_1,-29
Device_1,-89
Device_1,-67
Device_1,-68
Device_1,-53
Device_1,-78
Device_1,-39
Device_1,-13
Device_1,-64
Device_1,-2
Device_1,-57
Device_1,-15
Device_1,-10
Device_1,-66
Device_1,-36
Device_1,-2
Device_1,-54
Device_1,-23
Device_1,-98
Device_1,-100
Device_1,-96
Device_1,-11
Device_1,-87
Device_1,-74
Device_1,-92
Device_1,-22
Device_1,-86
Device_1,-11
Device_1,-59
Device_1,-24
Device_1,-50
Device_1,-38
Device_1,-5
Device_1,-49
Device_1,-5
Device_1,-97
Device_1,-7
Device_1,-78
Device_1,-86
Device_1,-58
Device_1,-72
Device_1,-65
Device_1,-88
Device_1,-69
Device_1,-30
Device_1,-42
Device_1,-15
Device_1,-73
Device_1,-35
Device_1,-59
Device_1,-56
Device_1,-39
Device_1,-44
Device_1,-95
Device_1,-73
Device_1,-73
Device_1,-57
Device_1,-17
Device_1,-71
Device_1,-39
Device_1,-26
Device_1,-9
Device_1,-12
Device_1,-39
Device_1,-4
Device_1,-100
Device_1,-74
Device_1,-39
Device_1,-24
Device_1,-98
Device_1,-31
Device_1,-29
Device_1,-74
Device_2,-92
Device_2,-39
Device_2,-64
Device_2,-4
Device_2,-50
Device_2,-57
Device_2,-77
Device_2,-22
Device_2,-42
Device_2,-69
Device_2,-5
Device_2,-13
Device_2,-49
Device_2,-39
Device_2,-43
Device_2,-49
Device_2,-89
Device_2,-62
Device_2,-99
Device_2,-98
Device_2,-45
Device_2,-20
Device_2,-42
Device_2,-99
Device_2,-99
Device_2,-9
Device_2,-47
Device_2,-14
Device_2,-5
Device_2,-4
Device_2,-100
Device_2,-82
Device_2,-99
Device_2,-48
Device_2,-57
Device_2,-11
Device_2,-69
Device_2,-31
Device_2,-69
Device_2,-33
Device_2,-46
Device_2,-26
Device_2,-45
Device_2,-84
Device_2,-63
Device_2,-77
Device_2,-32
Device_2,-3
Device_2,-31
Device_2,-15
Device_2,-90
Device_2,-85
Device_2,-4
Device_2,-28
Device_2,-42
Device_2,-31
Device_2,-21
Device_2,-8
Device_2,-98
Device_2,-81
Device_2,-42
Device_2,-65
Device_2,-82
Device_2,-11
Device_2,-34
Device_2,-82
Device_2,-81
Device_2,-5
Device_2,-30
Device_2,-49
Device_2,-68
Device_2,-61
Device_2,-62
Device_2,-19
Device_2,-100
Device_2,-90
Device_2,-9
Device_2,-44
Device_2,-12
Device_2,-51
Device_2,-78
Device_2,-70
Device_2,-7
Device_2,-59
Device_2,-2
Device_2,-94
Device_2,-85
Device_2,-11
Device_2,-41
Device_2,-99
Device_2,-100
Device_2,-53
Device_2,-89
Device_2,-32
Device_2,-64
Device_2,-69
Device_2,-92
Device_2,-2
Device_2,-82
Device_2,-53
Device_2,-21
Device_2,-98
Device_2,-81
Device_2,-77
Device_2,-47
Device_2,-68
Device_2,-77
Device_2,-26
Device_2,-29
Device_2,-65
Device_2,-63
Device_2,-17
Device_2,-2
Device_2,-12
Device_2,-2
Device_2,-76
Device_2,-8
Device_2,-83
Device_2,-19
Device_2,-35
Device_2,-47
Device_2,-66
Device_2,-21
Device_2,-40
Device_2,-60
Device_2,-1
Device_2,-68
Device_2,-33
Device_2,-68
Device_2,-87
Device_2,-80
Device_2,-53
Device_2,-81
Device_2,-93
Device_2,-94
Device_2,-34
Device_2,-84
Device_2,-68
Device_2,-53
Device_2,-25
Device_2,-42
Device_2,-15
Device_2,-79
Device_2,-71
Device_2,-63
Device_2,-50
Device_2,-47
Device_2,-93
Device_2,-74
Device_2,-74
Device_2,-3
Device_2,-80
Device_2,-71
Device_2,-4
Device_2,-73
Device_2,-37
Device_2,-4
Device_2,-32
Device_2,-40
Device_2,-53
Device_2,-82
Device_2,-97
Device_2,-66
Device_2,-37
Device_2,-52
Device_2,-84
Device_2,-57
Device_2,-9
Device_2,-71
Device_2,-8
Device_2,-55
Device_2,-95
Device_2,-2
Device_2,-64
Device_2,-77
Device_2,-8
Device_2,-55
Device_2,-48
Device_2,-6
Device_2,-2
Device_2,-41
Device_2,-4
Device_2,-38
Device_2,-16
Device_2,-69
Device_2,-14
Device_2,-68
Device_2,-34
Device_2,-83
Device_2,-76
Device_2,-6
Device_2,-47
Device_2,-43
Device_2,-34
Device_2,-55
Device_2,-77
Device_2,-69
Device_2,-54
Device_2,-15
Device_2,-78
Device_3,-35
Device_3,-74
Device_3,-99
Device_3,-11
Device_3,-84
Device_3,-68
Device_3,-92
Device_3,-58
Device_3,-53
Device_3,-62
Device_3,-8
Device_3,-59
Device_3,-75
Device_3,-2
Device_3,-51
Device_3,-76
Device_3,-77
Device_3,-88
Device_3,-41
Device_3,-94
Device_3,-44
Device_3,-65
Device_3,-56
Device_3,-81
Device_3,-36
Device_3,-93
Device_3,-85
Device_3,-87
Device_3,-25
Device_3,-14
Device_3,-86
Device_3,-9
Device_3,-3
Device_3,-35
Device_3,-69
Device_3,-14
Device_3,-38
Device_3,-15
Device_3,-50
Device_3,-76
Device_3,-43
Device_3,-38
Device_3,-39
Device_3,-79
Device_3,-43
Device_3,-43
Device_3,-15
Device_3,-52
Device_3,-49
Device_3,-59
Device_3,-31
Device_3,-86
Device_3,-47
Device_3,-41
Device_3,-4
Device_3,-93
Device_3,-48
Device_3,-41
Device_3,-96
Device_3,-33
Device_3,-95
Device_3,-5
Device_3,-7
Device_3,-54
Device_3,-2
Device_3,-46
Device_3,-61
Device_3,-49
Device_3,-85
Device_3,-88
Device_3,-71
Device_3,-82
Device_3,-84
Device_3,-38
Device_3,-82
Device_3,-9
Device_3,-43
Device_3,-46
Device_3,-11
Device_3,-11
Device_3,-39
Device_3,-78
Device_3,-92
Device_3,-89
Device_3,-100
Device_3,-43
Device_3,-100
Device_3,-67
Device_3,-5
Device_3,-53
Device_3,-12
Device_3,-100
Device_3,-85
Device_3,-40
Device_3,-37
Device_3,-38
Device_3,-32
Device_3,-79
Device_3,-8
Device_3,-34
Device_3,-25
Device_3,-75
Device_3,-85
Device_3,-50
Device_3,-15
Device_3,-44
Device_3,-72
Device_3,-23
Device_3,-9
Device_3,-32
Device_3,-54
Device_3,-7
Device_3,-39
Device_3,-32
Device_3,-25
Device_3,-85
Device_3,-11
Device_3,-11
Device_3,-53
Device_3,-16
Device_3,-62
Device_3,-1
Device_3,-68
Device_3,-7
Device_3,-78
Device_3,-91
Device_3,-32
Device_3,-1
Device_3,-67
Device_3,-49
Device_3,-6
Device_3,-91
Device_3,-82
Device_3,-43
Device_3,-5
Device_3,-100
Device_3,-32
Device_3,-97
Device_3,-85
Device_3,-77
Device_3,-21
Device_3,-99
Device_3,-9
Device_3,-69
Device_3,-10
Device_3,-17
Device_3,-77
Device_3,-89
Device_3,-51
Device_3,-66
Device_3,-68
Device_3,-68
Device_3,-40
Device_3,-50
Device_3,-58
Device_3,-89
Device_3,-34
Device_3,-36
Device_3,-68
Device_3,-61
Device_3,-27
Device_3,-58
Device_3,-57
Device_3,-72
Device_3,-88
Device_3,-89
Device_3,-6
Device_3,-55
Device_3,-99
Device_3,-66
Device_3,-14
Device_3,-20
Device_3,-11
Device_3,-93
Device_3,-8
Device_3,-75
Device_3,-27
Device_3,-11
Device_3,-67
Device_3,-94
Device_3,-33
Device_3,-43
Device_3,-26
Device_3,-72
Device_3,-65
Device_3,-12
Device_3,-80
Device_3,-65
Device_3,-91
Device_3,-28
Device_3,-77
Device_3,-37
Device_3,-2
Device_3,-52
Device_3,-2
Device_3,-65
Device_3,-19
Device_3,-5
Device_3,-77
Device_3,-78
Device_4,-39
Device_4,-5
Device_4,-64
Device_4,-89
Device_4,-46
Device_4,-88
Device_4,-78
Device_4,-12
Device_4,-2
Device_4,-71
Device_4,-84
Device_4,-39
Device_4,-17
Device_4,-12
Device_4,-15
Device_4,-88
Device_4,-42
Device_4,-82
Device_4,-52
Device_4,-1
Device_4,-89
Device_4,-40
Device_4,-82
Device_4,-25
Device_4,-92
Device_4,-30
Device_4,-73
Device_4,-23
Device_4,-6
Device_4,-49
Device_4,-18
Device_4,-85
Device_4,-32
Device_4,-2
Device_4,-89
Device_4,-76
Device_4,-49
Device_4,-16
Device_4,-1
Device_4,-48
Device_4,-78
Device_4,-85
Device_4,-44
Device_4,-62
Device_4,-48
Device_4,-59
Device_4,-43
Device_4,-62
Device_4,-87
Device_4,-6
Device_4,-96
Device_4,-66
Device_4,-14
Device_4,-8
Device_4,-26
Device_4,-83
Device_4,-25
Device_4,-92
Device_4,-27
Device_4,-43
Device_4,-84
Device_4,-94
Device_4,-55
Device_4,-88
Device_4,-61
Device_4,-59
Device_4,-92
Device_4,-51
Device_4,-74
Device_4,-35
Device_4,-96
Device_4,-72
Device_4,-64
Device_4,-63
Device_4,-18
Device_4,-93
Device_4,-36
Device_4,-15
Device_4,-84
Device_4,-30
Device_4,-12
Device_4,-56
Device_4,-97
Device_4,-65
Device_4,-31
Device_4,-70
Device_4,-82
Device_4,-40
Device_4,-47
Device_4,-62
Device_4,-10
Device_4,-27
Device_4,-11
Device_4,-82
Device_4,-62
Device_4,-34
Device_4,-56
Device_4,-88
Device_4,-9
Device_4,-43
Device_4,-81
Device_4,-9
Device_4,-29
Device_4,-40
Device_4,-62
Device_4,-100
Device_4,-98
Device_4,-24
Device_4,-9
Device_4,-39
Device_4,-38
Device_4,-76
Device_4,-45
Device_4,-68
Device_4,-63
Device_4,-95
Device_4,-43
Device_4,-57
Device_4,-56
Device_4,-69
Device_4,-56
Device_4,-40
Device_4,-54
Device_4,-80
Device_4,-21
Device_4,-16
Device_4,-26
Device_4,-65
Device_4,-2
Device_4,-82
Device_4,-81
Device_4,-44
Device_4,-83
Device_4,-54
Device_4,-52
Device_4,-87
Device_4,-86
Device_4,-70
Device_4,-100
Device_4,-47
Device_4,-98
Device_4,-85
Device_4,-14
Device_4,-44
Device_4,-26
Device_4,-89
Device_4,-27
Device_4,-5
Device_4,-85
Device_4,-29
Device_4,-25
Device_4,-77
Device_4,-73
Device_4,-93
Device_4,-9
Device_4,-65
Device_4,-11
Device_4,-93
Device_4,-43
Device_4,-41
Device_4,-51
Device_4,-73
Device_4,-9
Device_4,-60
Device_4,-1
Device_4,-37
Device_4,-74
Device_4,-38
Device_4,-84
Device_4,-28
Device_4,-68
Device_4,-17
Device_4,-24
Device_4,-9
Device_4,-72
Device_4,-88
Device_4,-55
Device_4,-66
Device_4,-95
Device_4,-19
Device_4,-32
Device_4,-54
Device_4,-76
Device_4,-35
Device_4,-91
Device_4,-45
Device_4,-71
Device_4,-96
Device_4,-68
Device_4,-36
Device_4,-83
Device_4,-5
Device_4,-52
Device_4,-90
Device_4,-16
Device_4,-75
Device_4,-38
Device_4,-12
Device_4,-15
Device_4,-42
Device_5,-74
Device_5,-52
Device_5,-24
Device_5,-68
Device_5,-3
Device_5,-2
Device_5,-100
Device_5,-80
Device_5,-46
Device_5,-95
Device_5,-9
Device_5,-20
Device_5,-32
Device_5,-6
Device_5,-96
Device_5,-98
Device_5,-48
Device_5,-78
Device_5,-48
Device_5,-64
Device_5,-27
Device_5,-27
Device_5,-18
Device_5,-84
Device_5,-16
Device_5,-23
Device_5,-28
Device_5,-100
Device_5,-50
Device_5,-56
Device_5,-24
Device_5,-97
Device_5,-39
Device_5,-36
Device_5,-69
Device_5,-67
Device_5,-9
Device_5,-6
Device_5,-29
Device_5,-62
Device_5,-75
Device_5,-67
Device_5,-47
Device_5,-98
Device_5,-51
Device_5,-89
Device_5,-36
Device_5,-47
Device_5,-96
Device_5,-7
Device_5,-7
Device_5,-44
Device_5,-84
Device_5,-54
Device_5,-78
Device_5,-22
Device_5,-16
Device_5,-87
Device_5,-35
Device_5,-26
Device_5,-50
Device_5,-63
Device_5,-37
Device_5,-3
Device_5,-63
Device_5,-51
Device_5,-3
Device_5,-19
Device_5,-71
Device_5,-22
Device_5,-10
Device_5,-50
Device_5,-38
Device_5,-3
Device_5,-49
Device_5,-63
Device_5,-4
Device_5,-13
Device_5,-22
Device_5,-71
Device_5,-50
Device_5,-20
Device_5,-96
Device_5,-72
Device_5,-97
Device_5,-91
Device_5,-45
Device_5,-84
Device_5,-27
Device_5,-84
Device_5,-17
Device_5,-13
Device_5,-32
Device_5,-67
Device_5,-95
Device_5,-48
Device_5,-35
Device_5,-24
Device_5,-58
Device_5,-26
Device_5,-78
Device_5,-46
Device_5,-21
Device_5,-6
Device_5,-26
Device_5,-85
Device_5,-93
Device_5,-97
Device_5,-97
Device_5,-45
Device_5,-76
Device_5,-34
Device_5,-5
Device_5,-34
Device_5,-74
Device_5,-8
Device_5,-69
Device_5,-51
Device_5,-40
Device_5,-50
Device_5,-82
Device_5,-80
Device_5,-96
Device_5,-19
Device_5,-9
Device_5,-59
Device_5,-40
Device_5,-79
Device_5,-80
Device_5,-31
Device_5,-100
Device_5,-96
Device_5,-89
Device_5,-11
Device_5,-55
Device_5,-67
Device_5,-52
Device_5,-23
Device_5,-11
Device_5,-56
Device_5,-74
Device_5,-28
Device_5,-75
Device_5,-54
Device_5,-15
Device_5,-45
Device_5,-7
Device_5,-38
Device_5,-53
Device_5,-40
Device_5,-20
Device_5,-75
Device_5,-65
Device_5,-100
Device_5,-93
Device_5,-2
Device_5,-49
Device_5,-22
Device_5,-54
Device_5,-45
Device_5,-15
Device_5,-87
Device_5,-11
Device_5,-73
Device_5,-14
Device_5,-23
Device_5,-13
Device_5,-99
Device_5,-75
Device_5,-87
Device_5,-42
Device_5,-45
Device_5,-94
Device_5,-98
Device_5,-78
Device_5,-83
Device_5,-63
Device_5,-2
Device_5,-86
Device_5,-37
Device_5,-12
Device_5,-73
Device_5,-27
Device_5,-62
Device_5,-44
Device_5,-84
Device_5,-15
Device_5,-11
Device_5,-57
Device_5,-76
Device_5,-84
Device_5,-88
Device_5,-17
Device_5,-76
Device_5,-33
Device_5,-91
Device_5,-34
Device_5,-83
Device_5,-1
Device_5,-15
Device_6,-67
Device_6,-93
Device_6,-61
Device_6,-18
Device_6,-59
Device_6,-60
Device_6,-95
Device_6,-49
Device_6,-75
Device_6,-37
Device_6,-3
Device_6,-42
Device_6,-45
Device_6,-42
Device_6,-31
Device_6,-68
Device_6,-48
Device_6,-79
Device_6,-80
Device_6,-31
Device_6,-31
Device_6,-97
Device_6,-7
Device_6,-26
Device_6,-39
Device_6,-39
Device_6,-7
Device_6,-6
Device_6,-77
Device_6,-46
Device_6,-92
Device_6,-98
Device_6,-70
Device_6,-61
Device_6,-65
Device_6,-77
Device_6,-6
Device_6,-95
Device_6,-35
Device_6,-17
Device_6,-9
Device_6,-26
Device_6,-97
Device_6,-22
Device_6,-95
Device_6,-7
Device_6,-50
Device_6,-39
Device_6,-44
Device_6,-35
Device_6,-22
Device_6,-26
Device_6,-93
Device_6,-75
Device_6,-50
Device_6,-56
Device_6,-57
Device_6,-96
Device_6,-31
Device_6,-75
Device_6,-33
Device_6,-82
Device_6,-17
Device_6,-4
Device_6,-81
Device_6,-89
Device_6,-54
Device_6,-100
Device_6,-11
Device_6,-87
Device_6,-37
Device_6,-63
Device_6,-64
Device_6,-90
Device_6,-1
Device_6,-24
Device_6,-98
Device_6,-68
Device_6,-95
Device_6,-51
Device_6,-91
Device_6,-96
Device_6,-78
Device_6,-91
Device_6,-57
Device_6,-99
Device_6,-88
Device_6,-61
Device_6,-99
Device_6,-17
Device_6,-36
Device_6,-38
Device_6,-28
Device_6,-84
Device_6,-92
Device_6,-26
Device_6,-86
Device_6,-77
Device_6,-63
Device_6,-66
Device_6,-7
Device_6,-6
Device_6,-52
Device_6,-32
Device_6,-39
Device_6,-41
Device_6,-51
Device_6,-23
Device_6,-26
Device_6,-92
Device_6,-67
Device_6,-25
Device_6,-2
Device_6,-66
Device_6,-100
Device_6,-61
Device_6,-37
Device_6,-79
Device_6,-41
Device_6,-37
Device_6,-8
Device_6,-29
Device_6,-90
Device_6,-87
Device_6,-41
Device_6,-71
Device_6,-66
Device_6,-16
Device_6,-64
Device_6,-96
Device_6,-18
Device_6,-23
Device_6,-75
Device_6,-39
Device_6,-97
Device_6,-12
Device_6,-59
Device_6,-12
Device_6,-83
Device_6,-61
Device_6,-29
Device_6,-62
Device_6,-87
Device_6,-69
Device_6,-50
Device_6,-63
Device_6,-4
Device_6,-78
Device_6,-38
Device_6,-86
Device_6,-4
Device_6,-76
Device_6,-84
Device_6,-4
Device_6,-35
Device_6,-23
Device_6,-48
Device_6,-50
Device_6,-62
Device_6,-50
Device_6,-31
Device_6,-95
Device_6,-34
Device_6,-94
Device_6,-50
Device_6,-29
Device_6,-59
Device_6,-37
Device_6,-86
Device_6,-72
Device_6,-68
Device_6,-7
Device_6,-74
Device_6,-65
Device_6,-72
Device_6,-63
Device_6,-44
Device_6,-4
Device_6,-74
Device_6,-46
Device_6,-68
Device_6,-33
Device_6,-15
Device_6,-35
Device_6,-91
Device_6,-96
Device_6,-27
Device_6,-4
Device_6,-63
Device_6,-88
Device_6,-70
Device_6,-54
Device_6,-1
Device_6,-13
Device_6,-49
Device_6,-45
Device_6,-86
Device_6,-72
Device_6,-93
Device_6,-96
Device_7,-72
Device_7,-54
Device_7,-33
Device_7,-25
Device_7,-56
Device_7,-99
Device_7,-74
Device_7,-6
Device_7,-65
Device_7,-65
Device_7,-75
Device_7,-58
Device_7,-74
Device_7,-32
Device_7,-81
Device_7,-90
Device_7,-27
Device_7,-63
Device_7,-95
Device_7,-29
Device_7,-78
Device_7,-54
Device_7,-11
Device_7,-55
Device_7,-89
Device_7,-11
Device_7,-88
Device_7,-39
Device_7,-19
Device_7,-12
Device_7,-4
Device_7,-41
Device_7,-58
Device_7,-25
Device_7,-1
Device_7,-33
Device_7,-96
Device_7,-64
Device_7,-29
Device_7,-9
Device_7,-70
Device_7,-92
Device_7,-50
Device_7,-72
Device_7,-23
Device_7,-61
Device_7,-60
Device_7,-15
Device_7,-90
Device_7,-78
Device_7,-100
Device_7,-55
Device_7,-80
Device_7,-11
Device_7,-65
Device_7,-47
Device_7,-14
Device_7,-44
Device_7,-100
Device_7,-38
Device_7,-47
Device_7,-46
Device_7,-61
Device_7,-86
Device_7,-80
Device_7,-54
Device_7,-28
Device_7,-48
Device_7,-92
Device_7,-27
Device_7,-49
Device_7,-44
Device_7,-75
Device_7,-60
Device_7,-66
Device_7,-38
Device_7,-76
Device_7,-11
Device_7,-26
Device_7,-63
Device_7,-99
Device_7,-94
Device_7,-19
Device_7,-10
Device_7,-67
Device_7,-10
Device_7,-84
Device_7,-58
Device_7,-42
Device_7,-50
Device_7,-47
Device_7,-77
Device_7,-76
Device_7,-30
Device_7,-49
Device_7,-31
Device_7,-13
Device_7,-68
Device_7,-52
Device_7,-72
Device_7,-38
Device_7,-79
Device_7,-75
Device_7,-73
Device_7,-16
Device_7,-52
Device_7,-30
Device_7,-20
Device_7,-17
Device_7,-52
Device_7,-81
Device_7,-15
Device_7,-9
Device_7,-38
Device_7,-40
Device_7,-52
Device_7,-30
Device_7,-100
Device_7,-5
Device_7,-88
Device_7,-7
Device_7,-14
Device_7,-50
Device_7,-45
Device_7,-18
Device_7,-39
Device_7,-69
Device_7,-71
Device_7,-72
Device_7,-52
Device_7,-56
Device_7,-8
Device_7,-71
Device_7,-85
Device_7,-61
Device_7,-82
Device_7,-83
Device_7,-100
Device_7,-23
Device_7,-54
Device_7,-35
Device_7,-9
Device_7,-7
Device_7,-63
Device_7,-50
Device_7,-38
Device_7,-97
Device_7,-100
Device_7,-93
Device_7,-72
Device_7,-46
Device_7,-98
Device_7,-69
Device_7,-91
Device_7,-27
Device_7,-18
Device_7,-67
Device_7,-4
Device_7,-14
Device_7,-46
Device_7,-9
Device_7,-69
Device_7,-51
Device_7,-94
Device_7,-8
Device_7,-93
Device_7,-36
Device_7,-44
Device_7,-34
Device_7,-13
Device_7,-14
Device_7,-42
Device_7,-29
Device_7,-47
Device_7,-34
Device_7,-50
Device_7,-4
Device_7,-9
Device_7,-93
Device_7,-67
Device_7,-66
Device_7,-5
Device_7,-13
Device_7,-23
Device_7,-69
Device_7,-55
Device_7,-85
Device_7,-33
Device_7,-64
Device_7,-47
Device_7,-16
Device_7,-87
Device_7,-6
Device_7,-46
Device_7,-53
Device_7,-19
Device_7,-94
Device_7,-27
Device_7,-94
Device_7,-68
Device_8,-78
Device_8,-16
Device_8,-82
Device_8,-82
Device_8,-65
Device_8,-72
Device_8,-41
Device_8,-19
Device_8,-99
Device_8,-100
Device_8,-54
Device_8,-32
Device_8,-81
Device_8,-90
Device_8,-99
Device_8,-34
Device_8,-14
Device_8,-89
Device_8,-81
Device_8,-96
Device_8,-64
Device_8,-63
Device_8,-7
Device_8,-92
Device_8,-3
Device_8,-48
Device_8,-57
Device_8,-2
Device_8,-15
Device_8,-77
Device_8,-20
Device_8,-27
Device_8,-71
Device_8,-42
Device_8,-14
Device_8,-5
Device_8,-20
Device_8,-20
Device_8,-87
Device_8,-92
Device_8,-61
Device_8,-35
Device_8,-76
Device_8,-28
Device_8,-79
Device_8,-97
Device_8,-75
Device_8,-43
Device_8,-72
Device_8,-3
Device_8,-14
Device_8,-64
Device_8,-26
Device_8,-31
Device_8,-83
Device_8,-16
Device_8,-59
Device_8,-1
Device_8,-60
Device_8,-63
Device_8,-67
Device_8,-84
Device_8,-64
Device_8,-76
Device_8,-25
Device_8,-14
Device_8,-15
Device_8,-16
Device_8,-74
Device_8,-44
Device_8,-70
Device_8,-95
Device_8,-10
Device_8,-61
Device_8,-3
Device_8,-89
Device_8,-48
Device_8,-30
Device_8,-91
Device_8,-56
Device_8,-84
Device_8,-75
Device_8,-16
Device_8,-9
Device_8,-39
Device_8,-55
Device_8,-37
Device_8,-99
Device_8,-47
Device_8,-36
Device_8,-50
Device_8,-48
Device_8,-65
Device_8,-75
Device_8,-72
Device_8,-80
Device_8,-90
Device_8,-61
Device_8,-90
Device_8,-65
Device_8,-42
Device_8,-62
Device_8,-2
Device_8,-47
Device_8,-3
Device_8,-46
Device_8,-77
Device_8,-79
Device_8,-32
Device_8,-45
Device_8,-68
Device_8,-65
Device_8,-81
Device_8,-18
Device_8,-2
Device_8,-20
Device_8,-39
Device_8,-3
Device_8,-28
Device_8,-75
Device_8,-35
Device_8,-28
Device_8,-28
Device_8,-61
Device_8,-84
Device_8,-100
Device_8,-12
Device_8,-40
Device_8,-58
Device_8,-59
Device_8,-76
Device_8,-62
Device_8,-66
Device_8,-98
Device_8,-57
Device_8,-50
Device_8,-7
Device_8,-3
Device_8,-89
Device_8,-82
Device_8,-57
Device_8,-42
Device_8,-52
Device_8,-40
Device_8,-84
Device_8,-27
Device_8,-44
Device_8,-46
Device_8,-54
Device_8,-89
Device_8,-39
Device_8,-21
Device_8,-13
Device_8,-18
Device_8,-93
Device_8,-6
Device_8,-80
Device_8,-20
Device_8,-14
Device_8,-21
Device_8,-31
Device_8,-29
Device_8,-76
Device_8,-19
Device_8,-12
Device_8,-89
Device_8,-86
Device_8,-42
Device_8,-75
Device_8,-75
Device_8,-54
Device_8,-69
Device_8,-91
Device_8,-85
Device_8,-30
Device_8,-84
Device_8,-78
Device_8,-75
Device_8,-16
Device_8,-15
Device_8,-94
Device_8,-87
Device_8,-22
Device_8,-94
Device_8,-92
Device_8,-53
Device_8,-29
Device_8,-42
Device_8,-14
Device_8,-8
Device_8,-19
Device_8,-6
Device_8,-7
Device_8,-62
Device_8,-2
Device_8,-83
Device_8,-42
Device_8,-84
Device_8,-87
Device_8,-70
Device_9,-77
Device_9,-2
Device_9,-41
Device_9,-56
Device_9,-3
Device_9,-98
Device_9,-64
Device_9,-58
Device_9,-61
Device_9,-11
Device_9,-46
Device_9,-14
Device_9,-62
Device_9,-86
Device_9,-97
Device_9,-8
Device_9,-15
Device_9,-76
Device_9,-88
Device_9,-19
Device_9,-68
Device_9,-85
Device_9,-59
Device_9,-35
Device_9,-46
Device_9,-2
Device_9,-59
Device_9,-67
Device_9,-71
Device_9,-88
Device_9,-88
Device_9,-83
Device_9,-69
Device_9,-5
Device_9,-2
Device_9,-62
Device_9,-55
Device_9,-72
Device_9,-39
Device_9,-8
Device_9,-39
Device_9,-44
Device_9,-85
Device_9,-45
Device_9,-91
Device_9,-71
Device_9,-76
Device_9,-17
Device_9,-96
Device_9,-36
Device_9,-7
Device_9,-52
Device_9,-98
Device_9,-56
Device_9,-87
Device_9,-71
Device_9,-33
Device_9,-83
Device_9,-39
Device_9,-64
Device_9,-76
Device_9,-53
Device_9,-36
Device_9,-48
Device_9,-22
Device_9,-28
Device_9,-86
Device_9,-52
Device_9,-13
Device_9,-33
Device_9,-89
Device_9,-42
Device_9,-64
Device_9,-40
Device_9,-58
Device_9,-31
Device_9,-62
Device_9,-45
Device_9,-38
Device_9,-55
Device_9,-13
Device_9,-90
Device_9,-39
Device_9,-24
Device_9,-3
Device_9,-76
Device_9,-30
Device_9,-49
Device_9,-97
Device_9,-42
Device_9,-29
Device_9,-81
Device_9,-8
Device_9,-38
Device_9,-47
Device_9,-27
Device_9,-3
Device_9,-44
Device_9,-11
Device_9,-60
Device_9,-98
Device_9,-95
Device_9,-96
Device_9,-96
Device_9,-47
Device_9,-54
Device_9,-14
Device_9,-52
Device_9,-92
Device_9,-2
Device_9,-81
Device_9,-40
Device_9,-66
Device_9,-51
Device_9,-19
Device_9,-39
Device_9,-84
Device_9,-13
Device_9,-98
Device_9,-69
Device_9,-2
Device_9,-88
Device_9,-12
Device_9,-28
Device_9,-33
Device_9,-87
Device_9,-3
Device_9,-90
Device_9,-45
Device_9,-34
Device_9,-9
Device_9,-72
Device_9,-92
Device_9,-34
Device_9,-76
Device_9,-3
Device_9,-25
Device_9,-59
Device_9,-92
Device_9,-22
Device_9,-61
Device_9,-76
Device_9,-96
Device_9,-90
Device_9,-42
Device_9,-3
Device_9,-13
Device_9,-22
Device_9,-63
Device_9,-29
Device_9,-96
Device_9,-53
Device_9,-11
Device_9,-83
Device_9,-31
Device_9,-64
Device_9,-41
Device_9,-53
Device_9,-24
Device_9,-73
Device_9,-32
Device_9,-24
Device_9,-20
Device_9,-61
Device_9,-56
Device_9,-5
Device_9,-39
Device_9,-8
Device_9,-43
Device_9,-34
Device_9,-45
Device_9,-61
Device_9,-3
Device_9,-61
Device_9,-10
Device_9,-24
Device_9,-68
Device_9,-95
Device_9,-13
Device_9,-82
Device_9,-21
Device_9,-61
Device_9,-9
Device_9,-4
Device_9,-42
Device_9,-42
Device_9,-53
Device_9,-60
Device_9,-88
Device_9,-56
Device_9,-12
Device_9,-48
Device_9,-59
Device_9,-1
Device_9,-38
Device_9,-74
Device_9,-63
Device_9,-41
Device_9,-94
Device_9,-96
Device_10,-56
Device_10,-43
Device_10,-70
Device_10,-78
Device_10,-59
Device_10,-91
Device_10,-69
Device_10,-48
Device_10,-71
Device_10,-62
Device_10,-70
Device_10,-19
Device_10,-1
Device_10,-99
Device_10,-23
Device_10,-24
Device_10,-8
Device_10,-89
Device_10,-62
Device_10,-35
Device_10,-5
Device_10,-88
Device_10,-55
Device_10,-74
Device_10,-84
Device_10,-6
Device_10,-3
Device_10,-41
Device_10,-37
Device_10,-13
Device_10,-66
Device_10,-31
Device_10,-18
Device_10,-71
Device_10,-30
Device_10,-27
Device_10,-5
Device_10,-3
Device_10,-38
Device_10,-73
Device_10,-41
Device_10,-22
Device_10,-7
Device_10,-64
Device_10,-8
Device_10,-79
Device_10,-33
Device_10,-81
Device_10,-5
Device_10,-1
Device_10,-33
Device_10,-10
Device_10,-37
Device_10,-84
Device_10,-89
Device_10,-79
Device_10,-84
Device_10,-91
Device_10,-36
Device_10,-79
Device_10,-11
Device_10,-19
Device_10,-51
Device_10,-87
Device_10,-37
Device_10,-54
Device_10,-72
Device_10,-25
Device_10,-65
Device_10,-2
Device_10,-49
Device_10,-25
Device_10,-94
Device_10,-72
Device_10,-90
Device_10,-68
Device_10,-95
Device_10,-22
Device_10,-69
Device_10,-50
Device_10,-26
Device_10,-43
Device_10,-14
Device_10,-75
Device_10,-3
Device_10,-55
Device_10,-3
Device_10,-72
Device_10,-97
Device_10,-20
Device_10,-2
Device_10,-88
Device_10,-62
Device_10,-86
Device_10,-72
Device_10,-72
Device_10,-26
Device_10,-69
Device_10,-99
Device_10,-54
Device_10,-23
Device_10,-17
Device_10,-79
Device_10,-26
Device_10,-74
Device_10,-34
Device_10,-20
Device_10,-45
Device_10,-9
Device_10,-8
Device_10,-80
Device_10,-54
Device_10,-21
Device_10,-42
Device_10,-17
Device_10,-95
Device_10,-82
Device_10,-44
Device_10,-32
Device_10,-98
Device_10,-100
Device_10,-43
Device_10,-63
Device_10,-86
Device_10,-67
Device_10,-40
Device_10,-66
Device_10,-37
Device_10,-76
Device_10,-77
Device_10,-89
Device_10,-83
Device_10,-86
Device_10,-21
Device_10,-74
Device_10,-29
Device_10,-41
Device_10,-55
Device_10,-12
Device_10,-84
Device_10,-8
Device_10,-48
Device_10,-93
Device_10,-22
Device_10,-74
Device_10,-55
Device_10,-51
Device_10,-30
Device_10,-98
Device_10,-8
Device_10,-37
Device_10,-57
Device_10,-48
Device_10,-77
Device_10,-41
Device_10,-98
Device_10,-81
Device_10,-55
Device_10,-86
Device_10,-76
Device_10,-7
Device_10,-23
Device_10,-30
Device_10,-84
Device_10,-17
Device_10,-1
Device_10,-92
Device_10,-63
Device_10,-53
Device_10,-41
Device_10,-38
Device_10,-15
Device_10,-99
Device_10,-13
Device_10,-29
Device_10,-90
Device_10,-37
Device_10,-24
Device_10,-20
Device_10,-29
Device_10,-80
Device_10,-83
Device_10,-7
Device_10,-37
Device_10,-19
Device_10,-6
Device_10,-63
Device_10,-69
Device_10,-90
Device_10,-56
Device_10,-12
Device_10,-68
Device_10,-60
Device_10,-93
Device_10,-90
Device_10,-15
Device_10,-50
Device_10,-13
Device_10,-60
Device_10,-84
